,Company,TypeName,Inches,ScreenResolution,Cpu,Ram,Memory,Gpu,OpSys,Weight,Price
0,1,4,13.3,23,65,8,4,58,8,1.37,71378.6832
1,1,4,13.3,1,63,8,2,51,8,1.34,47895.5232
2,7,3,15.6,8,74,8,16,53,4,1.86,30636.0
3,1,4,15.4,25,85,16,29,9,8,1.83,135195.33599999998
4,1,4,13.3,23,67,8,16,59,8,1.37,96095.808
5,0,3,15.6,0,14,4,26,17,5,2.1,21312.0
6,1,4,15.4,25,84,16,15,60,3,2.04,114017.6016
7,1,4,13.3,1,63,8,15,51,8,1.34,61735.536
8,2,4,14.0,8,106,16,29,98,5,1.3,79653.59999999999
9,0,4,14.0,15,83,8,16,61,5,1.6,41025.6
10,7,3,15.6,0,74,4,26,53,4,1.86,20986.992
11,7,3,15.6,8,56,4,26,47,4,1.86,18381.0672
12,1,4,15.4,25,86,16,16,10,8,1.83,130001.6016
13,4,3,15.6,8,56,4,16,24,5,2.2,26581.392
14,1,4,12.0,22,51,8,16,52,8,0.92,67260.672
15,1,4,13.3,23,65,8,16,58,8,1.37,80908.344
16,4,3,15.6,8,97,8,16,24,5,2.2,39693.6
17,1,4,15.4,25,87,16,29,11,8,1.83,152274.24
18,10,3,15.6,8,59,8,10,72,4,2.2,26586.72
19,4,4,13.3,13,83,8,4,61,5,1.22,52161.12
20,2,2,11.6,0,30,2,23,41,5,0.98,10224.432
21,10,1,15.6,15,77,8,5,75,5,2.5,53226.72
22,7,3,15.6,0,22,4,26,12,4,1.86,13746.24
23,4,0,13.3,7,83,8,16,61,5,1.62,43636.32
24,7,4,15.6,8,106,8,16,53,5,1.91,35111.52
25,4,3,15.6,0,56,4,10,47,5,2.3,22305.1392
26,1,4,13.3,1,62,8,2,51,3,1.35,58554.72
27,4,3,15.6,8,83,8,16,7,5,2.2,42624.0
28,4,4,15.6,8,107,8,19,61,5,1.88,69157.44
29,7,3,17.3,8,83,8,10,69,5,2.5,47738.88
30,3,3,15.6,8,29,4,35,40,5,1.89,13053.0672
31,2,3,14.0,0,20,2,23,12,5,1.65,10602.72
32,7,3,17.3,8,8,4,26,7,5,2.71,23389.92
33,4,4,13.3,35,106,16,29,61,5,1.2,99580.32
34,1,4,13.3,1,62,8,15,51,3,1.35,53173.44
35,10,3,14.0,0,37,4,35,43,5,1.44,13266.72
36,0,3,15.6,0,60,4,10,53,2,2.1,19553.76
37,4,3,17.3,15,83,8,5,7,5,2.8,52161.12
38,7,3,15.6,0,74,4,10,53,5,1.86,26037.4032
39,7,3,15.6,8,83,8,16,70,5,2.1,46833.12
40,2,3,15.6,8,56,4,10,53,2,2.0,20725.92
41,4,1,15.6,15,102,16,18,79,5,2.65,79866.72
42,2,3,15.6,0,74,8,10,72,2,2.3,27864.9072
43,0,3,15.6,15,83,4,16,61,5,2.2,36336.96
44,4,0,17.3,7,83,12,10,63,5,2.77,53226.72
45,1,4,13.3,23,64,8,16,56,8,1.37,75604.31999999999
46,10,3,15.6,0,56,4,4,47,4,2.2,19660.32
47,2,1,17.3,8,26,8,18,37,5,3.2,69210.72
48,4,3,15.6,8,74,4,16,24,5,2.3,34045.92
49,2,3,17.3,0,113,4,10,66,5,2.8,24828.48
50,10,0,10.1,28,31,4,35,41,0,0.69,16996.32
51,0,3,15.6,15,106,8,16,98,5,2.2,44808.48
52,7,3,15.6,8,8,4,16,16,5,1.86,21231.5472
53,7,3,13.3,8,106,8,29,61,5,1.49,58767.84
54,0,3,15.6,0,59,4,10,53,5,2.4,20459.52
55,4,3,15.6,8,106,8,16,6,5,2.13,40908.384
56,7,3,15.6,8,56,4,4,47,5,1.91,23389.92
57,2,3,15.6,0,74,4,16,53,5,2.0,31232.203200000004
58,11,1,17.3,8,102,16,20,80,5,2.43,130482.72
59,2,3,15.6,8,56,4,16,47,2,2.0,22111.2
60,4,3,17.3,8,106,16,20,7,5,2.8,69210.72
61,4,4,14.0,8,83,8,16,61,5,1.7,46833.12
62,10,3,14.0,15,60,8,16,53,4,1.7,31914.72
63,2,3,14.0,8,83,8,16,61,5,1.4,50136.48
64,7,3,15.6,8,74,8,16,53,5,1.86,36763.2
65,2,4,15.6,8,102,16,29,76,5,1.8,105654.24
66,7,3,15.6,0,56,4,26,6,5,1.86,23373.4032
67,7,3,14.0,0,36,4,25,41,5,1.44,12201.12
68,10,3,15.6,8,74,4,10,53,5,1.9,29250.72
69,2,1,17.3,8,102,12,10,76,2,3.0,50562.72
70,13,4,13.5,37,74,4,4,53,6,1.252,58021.92
71,4,4,13.3,15,106,8,16,7,5,1.4,50882.4
72,4,3,15.6,8,106,8,16,7,5,2.2,46353.6
73,11,1,17.3,8,77,8,5,75,5,2.7,58341.6
74,0,3,14.0,0,56,8,10,47,5,2.1,20725.92
75,2,1,15.6,8,102,8,10,75,5,2.2,50562.72
76,10,3,15.6,8,74,8,22,53,4,2.2,27652.32
77,4,3,15.6,8,106,8,5,61,5,2.02,45554.4
78,0,3,15.6,8,60,4,10,97,5,2.2,28238.4
79,7,3,17.3,8,83,8,5,69,5,2.5,52054.56
80,4,4,15.6,15,83,8,16,61,5,1.88,58403.4048
81,1,4,12.0,22,61,8,29,52,8,0.92,80452.8
82,7,3,14.0,8,83,8,16,53,5,1.63,45820.8
83,10,3,15.6,8,8,4,4,5,5,2.2,21258.72
84,0,3,15.6,0,14,4,10,17,5,2.1,21045.6
85,4,1,15.6,15,102,16,5,76,5,2.65,71874.72
86,7,4,15.6,15,106,8,16,85,5,1.83,37242.72
87,7,3,15.6,8,74,8,16,53,5,1.96,31914.1872
88,2,1,15.6,15,102,16,5,79,5,2.2,77202.72
89,4,4,13.3,15,106,8,16,61,5,1.21,87858.72
90,2,1,15.6,8,24,8,10,36,5,2.45,37242.72
91,0,3,15.6,8,106,8,10,98,5,2.2,36709.92
92,7,3,13.3,8,106,16,29,61,5,1.49,63776.16
93,4,1,15.6,8,77,8,16,79,5,2.65,63669.6
94,2,4,14.0,8,97,8,16,53,5,1.25,55890.72
95,0,0,13.3,13,83,8,16,61,5,1.5,45128.16
96,4,3,15.6,8,97,8,10,24,2,2.2,31962.672
97,4,3,15.6,8,56,4,16,24,2,2.2,25840.8
98,2,3,15.6,8,59,6,16,65,5,2.0,30742.56
99,7,1,15.6,15,102,12,5,75,5,2.62,66546.72
100,7,3,15.6,8,97,8,16,7,5,1.91,38308.32
101,7,3,15.6,8,22,4,26,12,5,2.1,18594.72
102,4,3,15.6,8,83,8,10,6,2,2.2,34472.16
103,7,4,13.3,15,97,8,16,98,5,1.38,59620.32
104,13,4,13.5,37,74,8,16,53,6,1.252,71395.2
105,7,3,14.0,15,74,6,16,72,5,1.58,35111.52
106,10,3,15.6,8,56,4,10,47,5,1.85,22105.872
107,2,4,14.0,15,97,8,16,72,5,1.3,63563.04
108,11,1,15.6,8,102,16,18,76,5,2.2,69210.72
109,10,3,14.0,15,97,8,16,53,5,1.58,78854.4
110,2,4,15.6,8,106,16,18,98,5,1.5,67239.36
111,4,4,13.3,31,98,8,16,58,5,1.23,73473.12
112,10,0,13.3,13,74,8,16,53,5,1.37,74538.72
113,7,3,14.0,9,83,4,26,61,5,1.63,38468.16
114,4,4,13.3,15,83,8,16,61,5,1.21,86793.12
115,7,0,13.3,13,83,8,16,61,5,1.26,74538.1872
116,7,3,14.0,8,106,8,29,61,5,1.63,57755.52
117,4,3,15.6,15,106,8,18,72,5,2.16,60223.98239999999
118,2,3,17.3,8,56,4,10,66,5,2.0,30049.92
119,2,3,15.6,8,106,8,16,72,5,1.7,59567.04
120,0,3,15.6,13,59,6,10,53,5,2.1,25521.12
121,11,1,15.6,8,102,16,20,80,5,1.8,119427.12
122,10,3,15.6,8,74,8,16,72,4,2.2,33513.119999999995
123,7,3,17.3,8,106,16,29,70,5,2.5,67718.88
124,0,3,15.6,0,14,4,16,17,5,2.1,24029.28
125,7,3,15.6,0,36,4,26,41,4,1.86,13799.52
126,7,3,14.0,8,83,8,10,61,5,1.63,43263.36
127,2,3,14.0,0,16,4,37,12,6,1.65,14811.3072
128,4,3,17.3,8,106,16,20,7,5,2.8,74378.87999999999
129,7,3,17.3,8,83,8,16,61,5,2.5,49443.84
130,4,3,15.6,0,74,8,10,30,5,2.36,34045.3872
131,4,3,15.6,8,56,4,10,24,5,2.2,23922.72
132,0,4,14.0,15,106,8,16,61,5,1.6,47099.52
133,0,3,15.6,8,60,4,16,97,5,2.2,30476.16
134,7,3,15.6,0,97,8,10,53,5,2.05,31861.44
135,7,3,14.0,8,106,8,16,61,5,1.63,52640.64
136,10,3,15.6,0,37,4,10,43,4,1.9,13445.7408
137,2,1,17.3,8,77,8,5,75,5,3.0,49976.64
138,10,3,15.6,8,74,4,10,66,4,2.2,26586.72
139,7,3,13.3,15,74,4,16,53,5,1.32,37242.72
140,0,3,17.3,15,60,4,10,97,5,3.0,34898.4
141,10,3,14.0,15,83,8,16,35,5,1.75,59461.5456
142,10,1,15.6,15,102,8,16,77,4,2.4,46300.32
143,16,3,15.6,0,68,4,26,47,5,2.1,32074.56
144,7,3,15.6,0,8,4,16,16,5,1.86,19660.32
145,2,4,14.0,8,106,8,16,61,5,1.25,58554.72
146,7,4,12.5,11,47,8,29,46,5,0.97,107305.92
147,2,3,15.6,8,37,4,10,43,5,2.0,18328.32
148,11,1,17.3,8,102,16,18,80,5,2.9,108105.12
149,0,3,15.6,0,56,4,10,47,5,2.1,23816.16
150,4,1,15.6,8,102,16,29,75,5,2.56,66560.5728
151,4,1,15.6,8,102,8,1,75,5,2.62,47898.72
152,10,3,15.6,0,74,4,4,53,5,1.9,26533.44
153,11,1,17.3,8,102,16,18,79,5,2.8,100699.2
154,7,4,14.0,8,80,4,16,53,5,1.48,57648.96
155,7,3,15.6,8,83,6,16,6,5,1.91,32980.32
156,10,0,14.0,13,59,4,16,53,5,1.74,33513.119999999995
157,2,0,13.3,7,83,8,16,53,5,1.1,70063.2
158,4,0,15.6,7,106,8,16,61,5,1.56,55890.72
159,16,3,15.6,0,55,4,26,47,5,2.1,23816.16
160,2,3,15.6,0,14,4,10,22,5,2.03,21471.84
161,0,3,17.3,15,83,4,16,98,5,3.0,42890.4
162,4,3,15.6,8,83,8,16,6,5,2.13,38787.84
163,10,1,15.6,15,102,16,16,76,5,2.5,57489.12
164,0,3,15.6,0,37,4,10,43,5,2.1,18541.44
165,11,1,15.6,15,102,16,18,79,5,2.4,95850.72
166,0,3,15.6,0,113,4,10,44,5,2.1,19367.8128
167,4,1,15.6,8,102,8,5,75,5,2.56,56502.9072
168,0,3,17.3,15,83,8,16,98,5,3.0,45501.12
169,7,3,13.3,15,83,4,26,61,5,1.49,40173.12
170,8,4,13.0,17,74,8,16,53,5,1.05,71874.72
171,7,3,17.3,15,74,6,22,6,5,2.71,37242.72
172,10,3,15.6,0,9,4,26,16,4,2.2,16463.52
173,16,3,15.6,0,59,4,26,53,5,2.0,26053.92
174,7,3,17.3,8,83,8,16,69,5,2.5,49177.44
175,4,3,15.6,0,59,8,10,53,5,2.3,24455.52
176,0,3,15.6,0,56,4,4,47,5,2.1,23922.72
177,11,1,18.4,8,95,32,31,62,5,4.4,149130.72
178,10,3,15.6,8,74,8,5,4,5,1.9,43316.64
179,7,0,13.3,11,83,8,16,61,5,1.29,79866.72
180,4,3,15.6,8,106,16,20,7,2,2.02,55890.72
181,4,4,13.3,8,83,8,16,61,5,1.23,74538.72
182,10,0,13.9,11,106,16,29,61,5,1.4,98514.72
183,16,3,15.6,0,74,8,4,53,5,2.0,42251.04
184,18,3,15.6,15,83,8,16,98,4,1.95,63882.72
185,4,3,17.3,7,106,16,29,63,5,2.77,82530.72
186,4,3,15.6,5,102,16,29,75,5,2.06,127712.16
187,10,1,15.6,15,77,8,16,75,4,2.4,41505.12
188,0,4,13.3,15,81,8,16,52,5,1.12,52693.92
189,4,3,17.3,8,106,8,5,7,5,2.8,57808.8
190,10,0,14.0,39,97,16,12,53,5,1.42,150462.72
191,17,3,14.0,15,37,4,23,43,5,1.3,13852.8
192,18,4,13.3,15,74,8,16,98,4,1.3,53274.67199999999
193,10,3,17.3,2,83,8,16,98,4,2.8,37189.44
194,4,0,13.3,13,106,8,10,61,5,1.62,44701.92
195,7,3,17.3,15,83,8,10,69,5,2.5,48697.92
196,14,1,17.3,5,103,32,12,82,5,3.49,324954.72
197,7,3,13.3,8,83,8,29,61,5,1.49,51095.52
198,7,1,17.3,15,102,16,18,75,5,3.35,73473.12
199,7,3,17.3,8,106,8,16,70,5,2.5,55677.6
200,4,1,15.6,12,102,16,31,79,5,2.65,98301.6
201,10,3,15.6,0,68,4,4,47,5,2.1,26267.04
202,0,3,15.6,8,97,8,10,72,5,2.23,39533.76
203,10,1,15.6,15,102,16,31,79,5,3.2,93186.72
204,4,5,15.6,6,114,16,18,101,5,2.8,162770.4
205,10,1,15.6,8,102,16,29,79,4,2.4,74485.44
206,4,3,15.6,36,59,6,10,53,5,2.3,23389.92
207,4,4,13.3,11,106,8,16,61,5,1.21,103842.72
208,4,4,13.3,8,106,8,16,61,5,1.2,77202.72
209,10,3,15.6,0,74,8,16,53,5,2.2,31808.16
210,0,3,15.6,8,102,8,10,75,2,2.4,41505.12
211,2,1,17.3,8,102,16,18,75,5,2.9,74964.95999999999
212,7,3,15.6,8,56,4,26,47,4,2.1,18594.72
213,10,3,15.6,8,74,8,16,53,4,2.2,29250.72
214,8,4,13.0,17,97,8,29,53,5,1.05,79866.72
215,4,4,13.3,15,106,8,16,7,5,1.4,49650.5664
216,10,3,17.3,2,74,8,10,85,4,2.8,31381.92
217,7,3,14.0,8,106,8,16,69,5,1.63,54931.68
218,4,4,14.0,8,83,8,16,61,5,1.6,61218.72
219,4,0,13.3,7,106,16,29,61,5,1.62,68145.12
220,4,3,15.6,8,83,8,16,6,2,2.2,36089.208
221,10,0,14.0,15,83,8,16,61,5,1.74,47898.72
222,16,4,13.3,8,89,8,16,47,5,1.2,72620.64
223,7,3,15.6,8,83,8,10,61,5,2.1,42304.32
224,4,1,17.3,15,102,16,18,79,5,4.42,130873.7952
225,0,3,15.6,8,97,8,16,72,5,2.2,44328.96
226,4,3,15.6,7,97,16,10,30,5,2.3,45768.0528
227,2,3,15.6,8,74,8,16,67,5,2.0,40972.32
228,2,3,17.3,8,74,8,21,86,5,2.69,47472.48
229,7,3,15.6,8,97,8,10,1,5,1.9,67612.31999999999
230,2,3,15.6,0,59,4,10,53,5,2.37,21258.1872
231,7,3,15.6,0,19,4,26,12,5,2.1,17582.399999999998
232,10,1,15.6,15,102,16,18,79,5,3.2,79866.72
233,4,3,14.0,8,74,8,16,53,5,1.6,45767.52
234,0,0,13.3,13,68,8,16,47,5,1.6,36709.92
235,4,3,15.6,8,97,16,16,30,2,2.36,47898.72
236,0,3,15.6,0,56,4,10,47,2,2.1,20779.2
237,2,3,15.6,8,2,4,5,24,5,2.2,30636.0
238,2,1,17.3,8,103,32,31,82,5,4.7,207259.2
239,0,1,15.6,15,77,8,16,75,5,2.5,45074.88
240,10,3,15.6,0,56,8,4,47,5,2.2,31381.92
241,2,3,17.3,8,106,8,5,63,5,2.1,61005.6
242,2,3,17.3,8,97,8,5,86,4,2.69,47365.92
243,4,1,15.6,8,77,8,16,75,5,2.56,46833.12
244,10,0,13.9,13,97,8,16,53,5,1.38,57489.12
245,4,3,15.6,8,106,8,6,7,5,2.2,52480.8
246,7,3,15.6,36,74,8,10,53,5,2.04,29783.52
247,2,1,17.3,8,103,16,16,82,5,3.6,159786.72
248,7,3,13.3,15,83,4,26,61,5,1.49,35964.0
249,1,4,13.3,23,67,8,29,59,8,1.37,108691.2
250,4,0,15.6,13,106,8,10,61,5,2.08,43636.32
251,2,1,17.3,8,102,16,18,93,5,4.3,95850.72
252,2,3,15.6,0,14,4,10,22,5,1.68,24988.32
253,10,0,13.9,13,106,8,29,61,5,1.37,98514.72
254,0,3,17.3,15,60,4,16,97,5,3.0,37402.56
255,4,4,13.3,8,83,8,16,61,5,1.41,50562.72
256,7,3,15.6,0,10,8,4,16,5,1.91,23757.552
257,7,3,17.3,15,106,16,10,98,5,2.9,56423.52
258,11,1,17.3,8,102,16,31,80,5,4.14,133146.72
259,10,0,15.6,13,102,8,29,77,5,2.0,90522.72
260,4,3,17.3,8,106,8,5,7,5,2.8,60845.76
261,10,3,15.6,8,56,4,16,47,4,2.2,23656.32
262,7,3,15.6,15,83,4,26,53,5,2.1,38468.16
263,4,3,15.6,8,74,4,10,53,5,2.18,35004.96
264,4,3,15.6,8,74,8,10,24,5,2.24,30103.2
265,4,0,15.6,7,83,8,16,61,5,2.67,42570.72
266,2,0,13.3,7,106,8,34,61,5,1.1,79866.72
267,10,3,15.6,8,74,4,10,53,4,2.2,24881.76
268,7,3,17.3,8,106,8,10,70,5,2.5,54239.04
269,10,3,15.6,8,106,8,16,61,5,2.05,46886.4
270,1,4,13.3,23,66,8,29,57,8,1.37,104370.192
271,2,1,17.3,8,26,16,18,37,5,3.2,82530.72
272,4,3,15.6,8,106,8,16,6,2,2.14,39164.5296
273,10,0,14.0,39,91,16,29,47,5,1.36,133146.72
274,16,3,15.6,0,89,8,26,68,5,2.2,43263.36
275,4,3,15.6,0,97,12,10,53,5,2.3,37992.3696
276,4,3,17.3,8,106,8,5,7,2,2.8,58554.72
277,0,3,15.6,15,106,8,10,97,5,2.2,39693.6
278,10,3,17.3,2,56,4,10,47,5,2.8,26053.92
279,10,3,17.3,8,106,8,22,98,4,2.8,45234.72
280,10,3,17.3,2,97,6,5,72,5,2.8,45767.52
281,4,3,15.6,8,54,4,10,24,2,2.25,22803.84
282,10,1,15.6,15,77,8,16,75,5,2.5,44169.12
283,10,3,15.6,8,74,6,16,53,5,2.2,30849.12
284,0,3,15.6,15,106,8,16,98,5,3.0,50669.28
285,0,3,15.6,13,97,12,10,53,5,2.15,35111.52
286,10,3,15.6,15,97,8,16,55,5,1.95,58448.16
287,2,4,15.6,8,74,8,16,72,5,1.7,52054.56
288,10,1,15.6,15,102,16,18,76,5,2.5,62817.12
289,10,3,15.6,8,97,8,10,72,4,2.2,35112.0528
290,0,3,15.6,0,32,2,8,40,1,2.19,10602.72
291,2,1,17.3,8,102,8,10,75,5,3.0,63243.36
292,7,3,17.3,2,56,8,10,47,5,2.54,26053.92
293,4,3,15.6,8,102,8,16,75,5,2.0,97449.12
294,10,3,15.6,8,83,8,16,61,5,2.05,39373.92
295,10,1,15.6,15,102,8,10,79,5,3.2,69210.72
296,0,3,15.6,8,102,8,16,76,2,2.5,52161.12
297,4,5,17.3,8,104,16,16,101,5,3.42,153705.3408
298,10,3,15.6,8,0,6,10,18,5,2.4,26586.72
299,2,4,15.6,8,97,16,29,72,5,1.63,78215.04
300,2,3,14.0,0,59,4,4,53,5,1.3,27119.52
301,2,1,17.3,8,102,16,18,80,5,2.9,113060.16
302,10,3,17.3,2,74,6,10,84,5,2.8,34578.72
303,10,3,15.6,0,74,8,22,72,4,2.2,29250.72
304,2,1,15.6,8,102,8,5,76,5,2.5,67399.2
305,10,3,15.6,0,113,4,10,44,4,2.2,19180.2672
306,7,0,13.3,7,99,16,16,53,5,1.28,105228.0
307,16,3,15.6,15,89,8,16,68,5,2.2,55571.04
308,10,3,15.6,8,74,8,5,72,5,2.3,43636.32
309,7,3,15.6,8,56,4,10,47,5,1.86,24988.32
310,10,3,13.3,15,74,8,16,53,5,1.1,53226.72
311,4,4,13.3,11,106,16,12,61,5,1.21,133146.72
312,11,1,15.6,15,102,16,18,80,5,2.8,111834.72
313,0,3,15.6,8,11,8,16,17,5,2.23,24988.32
314,2,0,11.6,36,37,2,23,43,5,1.1,14652.0
315,4,3,15.6,8,83,8,5,7,5,2.33,44968.32
316,7,0,13.3,11,106,16,12,61,5,1.29,130482.72
317,10,3,13.3,0,33,4,7,45,1,1.45,24503.472
318,7,3,14.0,8,74,8,16,53,5,1.95,52214.4
319,0,3,11.6,0,112,4,2,42,5,1.4,25840.8
320,7,3,14.0,8,97,8,16,53,5,1.48,68837.76
321,10,3,17.3,2,74,4,10,66,5,2.79,31381.92
322,2,3,14.0,8,97,8,16,53,5,2.0,58288.32
323,7,3,15.6,14,106,8,10,61,5,2.1,48058.56
324,0,3,15.6,0,4,8,16,34,5,2.2,35111.52
325,10,3,14.0,0,37,4,23,43,5,1.44,15557.76
326,0,3,15.6,0,74,6,10,53,5,2.23,29250.72
327,2,4,15.6,8,97,8,16,72,5,1.7,55938.672
328,7,4,12.5,8,97,8,16,53,5,1.26,71128.8
329,4,3,15.6,5,102,32,12,75,5,2.06,140605.91999999998
330,11,1,17.3,8,102,8,18,76,5,2.7,63882.72
331,16,3,15.6,15,74,8,16,53,5,2.0,50243.04
332,2,3,14.0,8,97,8,18,53,5,2.0,71075.52
333,10,3,15.6,8,56,4,10,47,5,1.85,23922.72
334,2,1,15.6,8,102,8,16,75,5,2.5,53226.72
335,7,3,14.0,8,78,8,16,53,5,1.48,67559.04
336,4,4,15.6,15,83,8,5,72,5,1.9,55890.72
337,7,3,15.6,8,74,8,16,53,5,1.84,60952.32
338,2,3,15.6,0,37,4,10,43,2,2.0,14651.4672
339,4,3,15.6,8,83,8,16,72,5,2.0,60885.72
340,4,3,15.6,0,36,4,26,40,2,2.2,14646.672
341,10,3,15.6,8,5,12,22,7,5,2.2,47898.72
342,7,3,15.6,15,59,8,10,70,5,2.1,38148.48
343,10,0,13.9,11,106,16,29,61,5,1.4,111834.72
344,4,4,13.3,8,106,8,16,61,5,1.2,84129.12
345,10,1,15.6,15,102,16,20,76,5,2.4,60153.12
346,7,3,14.0,0,36,2,23,41,5,1.44,14865.12
347,4,4,15.6,8,107,16,32,61,5,1.88,85672.1088
348,2,0,11.6,36,37,4,23,43,5,1.5,19980.0
349,4,4,15.6,8,83,8,10,7,5,1.9,35324.64
350,4,3,15.6,5,102,16,29,75,5,2.06,108020.9376
351,7,3,15.6,8,97,8,16,53,5,1.84,69477.12
352,11,1,17.3,8,102,8,5,79,5,2.7,75071.52
353,7,5,15.6,8,102,8,16,101,5,2.6,92615.0256
354,16,3,15.6,15,89,16,29,68,5,2.4,74751.84
355,4,3,15.6,8,106,8,6,7,5,2.02,51729.55199999999
356,10,3,15.6,0,37,4,10,43,4,2.2,17155.627200000003
357,4,1,15.6,8,77,8,10,75,5,2.65,53226.72
358,4,3,15.6,36,74,8,22,53,5,2.36,29696.6736
359,4,3,14.0,8,78,8,16,53,5,1.36,76030.56
360,7,3,15.6,0,56,4,26,47,5,1.86,23389.92
361,2,3,14.0,8,74,8,16,53,5,2.0,50349.6
362,10,3,17.3,2,74,6,5,85,5,2.8,38308.32
363,7,3,15.6,8,74,8,10,53,5,1.86,34045.92
364,10,3,15.6,0,56,8,16,67,4,2.2,26586.72
365,7,3,15.6,0,112,8,22,42,5,2.04,20725.92
366,4,3,17.3,8,83,8,5,7,5,2.8,57808.8
367,10,1,15.6,15,77,8,5,75,4,2.4,43103.52
368,4,3,15.6,8,97,8,16,30,5,2.33,47898.72
369,7,4,14.0,15,97,8,16,53,5,1.36,93240.0
370,2,0,15.6,7,97,12,33,74,5,2.26,58554.72
371,0,3,15.6,0,14,4,4,17,5,2.1,22697.28
372,2,1,17.3,15,26,16,18,37,5,3.25,117162.72
373,10,3,17.3,2,11,4,4,17,5,2.6,26053.92
374,4,0,13.3,7,106,8,16,61,5,1.62,46300.85279999999
375,7,3,15.6,8,14,4,16,17,5,1.91,26053.3872
376,10,2,11.6,9,41,4,4,43,5,1.59,29463.84
377,4,3,15.6,0,35,4,26,41,5,1.8,16463.52
378,2,3,14.0,0,37,4,23,43,5,1.5,15238.08
379,0,3,15.6,8,102,8,10,75,2,2.4,45074.88
380,7,1,17.3,15,102,8,5,75,5,3.35,63456.48
381,10,3,15.6,8,56,4,4,47,4,1.85,21498.48
382,2,1,15.6,15,102,8,5,79,5,2.3,88178.4
383,10,3,14.0,15,74,8,16,72,5,1.5,58554.72
384,2,4,13.3,7,97,16,29,53,5,1.1,93181.392
385,10,4,14.0,10,97,8,29,53,5,1.13,121584.96
386,10,3,13.3,15,59,4,4,53,5,1.5,29250.72
387,4,5,15.6,8,72,8,26,2,5,2.23,72940.31999999999
388,4,5,15.6,15,94,8,16,101,5,2.0,113752.8
389,10,0,14.0,39,97,16,29,53,5,1.42,133679.52
390,2,1,17.3,8,102,8,10,75,5,3.0,55357.92
391,2,1,17.3,8,102,16,18,76,5,3.0,84768.48
392,0,3,15.6,9,83,12,10,97,5,2.2,36975.7872
393,11,1,17.3,8,102,8,16,76,5,2.7,71874.72
394,4,3,15.6,8,97,8,16,30,2,2.33,41498.1936
395,7,4,15.6,8,14,4,16,6,5,1.91,26586.72
396,10,3,15.6,15,106,8,16,35,5,2.1,65510.9568
397,10,3,14.0,15,74,8,16,53,5,1.9,49976.64
398,4,5,15.6,5,102,8,16,101,5,1.78,144495.36
399,10,4,14.0,10,97,16,12,53,5,1.13,139860.0
400,10,3,15.6,0,37,4,10,43,5,2.2,16303.68
401,2,1,17.3,8,102,16,18,75,5,2.9,81465.12
402,10,3,15.6,15,83,8,18,35,5,2.1,60978.96
403,0,3,15.6,8,102,8,16,75,2,2.5,46833.12
404,11,1,17.3,8,102,16,18,80,5,2.8,119826.72
405,2,4,14.0,8,97,8,29,53,5,1.1,99793.44
406,16,4,13.3,8,89,16,29,47,5,1.2,93080.16
407,4,4,14.0,8,99,8,29,40,5,1.36,89510.4
408,10,3,15.6,8,56,4,26,47,5,2.2,21791.52
409,10,3,11.6,0,37,2,23,43,5,1.15,16221.096
410,10,5,15.6,8,102,8,29,101,5,2.67,102564.0
411,10,4,14.0,18,102,8,29,74,5,1.7,103523.04
412,7,3,15.6,8,56,4,10,6,5,2.1,24988.32
413,0,0,13.3,13,89,8,16,47,5,1.6,42038.4528
414,2,0,13.3,13,74,8,16,53,5,1.27,49443.84
415,4,3,15.6,8,74,4,16,24,2,2.3,31909.392
416,4,3,13.3,0,56,4,4,47,5,1.65,36709.92
417,7,4,14.0,8,89,8,16,47,5,1.43,79920.0
418,4,3,15.6,0,74,8,10,53,5,2.14,28768.536
419,10,4,14.0,15,106,8,16,35,5,1.75,64755.44640000001
420,10,0,15.6,11,102,16,29,75,5,2.0,101178.72
421,3,3,12.3,24,41,6,35,43,5,1.4,23922.72
422,7,3,15.6,8,104,8,16,55,5,2.31,76030.56
423,2,3,15.6,8,59,8,10,72,2,2.3,31808.16
424,4,1,17.3,10,103,16,18,80,5,4.42,149130.72
425,4,1,15.6,15,102,8,5,76,5,2.62,61751.52
426,4,3,15.6,8,106,8,20,7,5,2.02,60867.072
427,4,4,14.0,8,99,8,16,53,2,1.6,58554.72
428,7,1,17.3,8,102,12,18,80,5,3.35,106506.72
429,12,0,11.6,13,37,4,25,43,5,1.16,15930.72
430,15,2,11.6,0,36,4,7,41,1,1.15,14332.32
431,10,3,13.3,15,97,8,16,53,5,1.4,53812.8
432,10,3,14.0,15,60,4,4,53,5,1.7,31914.72
433,10,5,15.6,12,99,16,29,72,5,2.3,130269.6
434,10,3,15.6,8,104,16,29,104,5,2.5,130482.72
435,2,1,17.3,8,25,8,18,37,5,3.2,90309.6
436,7,3,15.6,0,36,4,26,41,5,2.1,18488.16
437,6,4,12.3,38,105,16,29,52,1,1.1,117162.72
438,10,4,14.0,4,97,24,29,53,5,1.32,126912.96
439,2,3,15.6,8,74,4,16,53,2,2.0,29783.52
440,10,3,17.3,2,8,8,10,15,5,2.8,27652.32
441,4,3,15.6,8,83,4,16,7,5,2.2,39906.72
442,10,4,12.5,15,74,8,16,53,5,1.36,76137.12
443,10,3,15.6,8,113,4,4,44,5,2.2,18594.72
444,7,1,15.6,15,102,8,5,75,5,2.2,58554.72
445,4,3,14.0,8,79,8,16,69,5,1.64,62817.12
446,0,3,15.6,0,74,4,26,53,2,2.4,23539.104
447,4,5,15.6,8,114,8,36,108,5,2.23,106187.04
448,11,1,15.6,8,77,8,16,75,5,2.2,54757.9872
449,13,4,13.5,37,100,16,29,58,6,1.25,137941.91999999998
450,7,3,15.6,0,74,8,4,53,5,1.91,31381.92
451,4,5,15.6,15,94,16,16,108,5,2.17,105228.0
452,7,5,15.6,15,104,8,29,53,5,2.31,81731.52
453,10,3,14.0,8,74,8,16,53,5,1.65,71661.59999999999
454,4,3,15.6,8,106,8,5,7,5,2.36,52161.12
455,4,0,11.6,36,112,4,26,42,5,1.47,25521.12
456,4,3,17.3,15,101,8,10,79,5,4.42,109010.88
457,13,4,13.5,37,52,4,4,52,6,1.252,52693.92
458,13,4,13.5,37,100,8,16,58,6,1.25,95850.72
459,7,3,17.3,2,56,8,16,47,5,2.5,34093.872
460,0,3,15.6,8,56,4,10,72,5,2.23,28984.32
461,0,2,11.6,0,36,4,4,41,5,1.4,23176.8
462,2,3,15.6,8,74,8,10,53,5,2.37,39906.72
463,10,3,14.0,15,97,8,29,31,4,1.5,42570.72
464,10,3,15.6,8,104,8,16,104,5,2.67,111355.2
465,2,3,15.6,0,113,4,26,43,5,2.0,16197.12
466,0,3,15.6,0,56,4,26,85,5,2.2,24988.32
467,4,3,15.6,8,83,8,22,7,5,2.02,40439.52
468,7,1,17.3,15,102,12,10,79,5,3.78,90522.72
469,10,4,14.0,20,91,12,16,47,5,1.4,98994.24
470,7,0,13.3,11,106,8,29,61,5,1.29,106506.72
471,7,3,15.6,8,74,8,26,1,5,1.9,61485.12
472,6,4,12.3,38,82,8,4,52,1,1.1,67932.0
473,4,4,13.3,7,83,8,16,61,5,1.42,98133.768
474,2,3,15.6,12,92,12,5,48,5,2.06,69210.72
475,4,3,14.0,0,58,8,4,47,5,1.79,39427.2
476,4,5,15.6,8,102,8,16,101,5,1.78,128298.24
477,10,3,14.0,8,74,8,9,53,5,1.7,72673.92
478,4,3,15.6,8,83,8,10,6,5,2.2,35964.0
479,16,3,13.3,15,74,8,16,53,5,1.05,89084.16
480,4,3,15.6,15,106,8,29,72,5,2.16,67239.36
481,4,3,15.6,0,59,4,10,53,5,2.18,31254.048
482,7,3,13.3,15,83,4,4,61,5,1.49,38681.28
483,3,3,15.6,8,30,4,35,40,5,1.89,13261.392000000002
484,10,3,15.6,0,54,4,4,47,5,2.3,30103.2
485,10,3,14.0,15,83,8,16,61,5,1.75,55890.72
486,4,5,15.6,15,94,16,29,108,5,2.17,124568.64
487,4,3,15.6,8,102,16,29,75,5,2.06,101178.72
488,10,4,12.5,15,97,16,29,53,5,1.36,95797.44
489,2,4,12.5,8,97,16,29,53,5,0.91,103896.0
490,10,3,15.6,15,74,8,16,72,5,2.3,53918.82719999999
491,16,4,13.3,7,97,32,29,53,5,1.05,149130.72
492,2,1,15.6,8,102,8,5,75,5,1.99,71928.0
493,0,3,15.6,0,1,8,10,34,5,2.2,30849.12
494,2,1,17.3,13,92,24,18,90,5,4.33,67612.31999999999
495,10,4,12.5,9,68,8,9,47,5,1.3,58554.72
496,10,3,15.6,8,106,8,16,61,5,2.17,47893.39199999999
497,7,3,14.0,8,99,8,12,53,5,1.48,93186.72
498,10,3,13.3,15,59,8,16,53,5,1.4,50562.72
499,10,3,15.6,15,74,8,16,53,5,2.3,48538.08
500,2,2,11.6,0,37,4,35,43,6,1.2,18115.2
501,7,3,15.6,0,74,8,16,6,5,1.91,32979.7872
502,10,0,13.9,13,83,8,16,61,5,1.4,85194.72
503,10,3,14.0,0,37,4,26,43,5,2.1,15930.72
504,10,2,11.6,0,36,4,8,41,1,1.25,14119.2
505,10,3,13.3,8,74,8,16,53,5,1.44,50562.72
506,2,3,15.6,8,97,8,18,53,5,2.0,65214.72
507,0,3,15.6,15,83,4,10,98,5,2.2,32660.64
508,7,4,13.3,15,97,8,29,53,5,1.34,70489.44
509,10,1,15.6,15,102,8,18,79,4,2.4,61218.72
510,4,4,13.3,13,74,8,4,53,5,1.29,47898.72
511,0,3,15.6,8,97,4,26,72,5,2.2,34045.92
512,4,3,15.6,8,74,8,10,53,5,2.18,44542.08
513,4,3,15.6,8,106,16,20,7,5,2.2,64961.10719999999
514,18,3,15.6,15,106,16,16,98,4,1.95,74589.336
515,2,2,11.6,0,37,2,23,43,5,1.1,13053.6
516,7,3,15.6,36,83,4,10,61,5,2.04,27783.9216
517,2,1,15.6,8,102,24,29,96,5,2.24,158135.04
518,7,3,15.6,8,74,8,16,69,5,2.04,47365.92
519,2,1,17.3,8,102,16,18,94,5,3.0,80133.12
520,10,1,15.6,15,102,8,18,79,5,3.2,74538.72
521,7,4,13.3,15,97,8,16,53,5,1.32,74538.72
522,4,3,14.0,8,78,8,16,53,5,1.64,68184.0144
523,7,3,15.6,0,56,4,4,47,5,1.63,36709.92
524,4,3,17.3,15,83,8,5,7,2,2.8,47365.92
525,10,3,14.0,8,68,8,16,47,7,2.02,71395.2
526,10,3,15.6,8,97,4,10,66,5,2.2,42570.72
527,10,3,15.6,0,56,8,22,67,4,2.2,24455.52
528,4,3,15.6,8,74,4,26,24,5,2.3,31168.8
529,4,3,15.6,8,79,8,16,53,5,1.9,73366.56
530,4,1,17.3,15,102,16,5,80,5,4.42,160520.3856
531,16,3,15.6,15,74,8,26,53,5,2.0,45820.8
532,2,3,15.6,12,97,8,18,89,5,2.0,69210.72
533,12,3,13.3,15,41,4,25,43,5,1.2,19660.32
534,2,1,15.6,15,77,8,5,79,5,2.3,87858.72
535,4,3,15.6,8,99,8,16,69,5,1.93,72940.31999999999
536,4,3,15.6,8,83,8,16,7,5,2.2,42486.0048
537,7,3,15.6,8,112,4,16,42,5,1.86,21258.1872
538,7,1,17.3,8,102,12,10,79,5,2.62,95850.72
539,10,3,14.0,15,97,8,16,72,5,1.87,45767.52
540,4,4,13.3,31,106,8,16,61,5,1.2,74538.72
541,4,3,14.0,8,56,4,4,47,5,1.6,39207.1536
542,7,4,13.3,21,97,8,16,53,5,1.34,61005.6
543,0,1,15.6,8,77,8,10,75,2,2.4,42517.44
544,2,3,15.6,0,17,4,26,13,5,2.0,18594.72
545,7,3,15.6,8,59,4,4,53,5,2.1,37589.04
546,10,3,14.0,8,74,4,26,53,5,1.87,41824.8
547,10,3,15.6,8,68,4,10,47,4,2.15,24634.008
548,7,3,15.6,8,56,4,26,47,5,1.86,21152.16
549,10,3,15.6,15,97,8,29,53,5,1.99,92121.12
550,10,3,15.6,8,56,4,4,47,5,2.2,26586.72
551,4,3,15.6,8,74,8,16,53,5,1.9,59513.2272
552,4,1,17.3,15,102,16,18,80,5,4.42,143802.72
553,7,3,17.3,2,56,8,10,47,5,2.65,28992.312
554,7,3,17.3,8,97,8,10,69,5,2.63,68198.4
555,2,3,15.6,0,37,4,26,43,2,2.0,11934.72
556,12,3,13.3,15,30,4,23,40,5,1.35,13586.4
557,10,3,17.3,2,97,6,5,72,5,2.8,50562.72
558,7,3,15.6,15,2,6,4,7,5,1.91,30310.992
559,4,3,15.6,0,56,4,10,22,5,2.18,32921.712
560,0,0,11.6,13,38,4,23,43,5,1.25,18594.72
561,10,3,15.6,8,60,4,4,53,5,2.05,33566.4
562,7,4,13.3,19,47,16,29,46,5,1.16,104695.2
563,10,3,17.3,15,102,8,16,109,5,3.4,159786.72
564,2,3,15.6,8,77,8,5,75,5,2.5,44701.92
565,4,4,13.3,11,83,8,4,61,5,1.21,85194.72
566,4,3,15.6,0,78,4,26,53,5,1.93,51095.52
567,5,3,15.6,0,74,8,10,53,5,2.2,39373.92
568,10,3,15.6,8,113,4,26,44,5,2.2,18328.32
569,10,3,14.0,0,74,4,26,53,5,2.02,52747.2
570,7,5,17.3,2,79,8,26,101,5,3.14,99153.5472
571,7,3,14.0,0,112,8,22,42,5,1.94,20725.92
572,7,3,15.6,15,15,6,16,7,5,1.95,34578.72
573,10,3,15.6,8,74,8,16,53,5,2.3,44222.4
574,10,3,15.6,8,83,4,26,53,5,2.05,36496.8
575,12,3,14.0,8,30,4,25,40,5,1.4,13266.72
576,16,4,14.0,7,97,16,29,53,5,1.24,99367.2
577,10,1,17.3,15,93,32,18,80,5,4.6,141884.63999999998
578,11,1,17.3,8,103,16,31,80,5,4.14,145401.12
579,4,3,15.6,8,97,8,16,24,2,2.2,39907.2528
580,12,3,14.0,15,41,4,25,43,5,1.45,20725.92
581,4,3,15.6,0,78,8,26,53,5,1.9,53733.94559999999
582,7,3,13.3,8,59,4,4,53,5,1.49,38308.32
583,4,3,15.6,8,99,16,16,69,5,1.93,81912.13919999999
584,4,2,11.6,0,36,4,7,41,1,1.26,15717.6
585,11,1,17.3,8,93,16,5,93,5,4.5,125154.72
586,7,1,17.3,15,102,16,18,75,5,3.78,79813.44
587,10,4,14.0,15,91,12,16,47,5,1.4,89137.44
588,10,3,15.6,36,106,12,10,53,5,2.2,32447.52
589,2,1,17.3,15,77,8,5,79,5,2.73,94305.6
590,2,0,15.6,36,74,8,10,47,5,2.2,39373.92
591,10,3,15.6,8,5,12,29,7,5,2.2,50562.72
592,4,0,11.6,36,48,4,4,52,5,1.39,32127.84
593,15,3,15.6,8,102,16,5,75,5,2.5,90522.72
594,10,3,17.3,8,56,4,26,47,4,2.8,28185.12
595,10,3,15.6,0,58,8,10,47,5,2.29,24455.52
596,10,0,13.3,13,97,8,29,53,5,1.37,107892.0
597,10,3,14.0,15,77,8,16,55,5,1.7,78534.72
598,4,0,12.5,7,74,8,16,53,5,1.34,88977.59999999999
599,4,5,15.6,7,102,8,16,108,5,2.06,93932.64
600,7,3,15.6,8,97,8,16,53,5,1.84,64948.32
601,7,3,15.6,0,59,4,26,53,5,2.1,35616.6144
602,0,3,14.0,8,41,4,23,43,5,1.6,17529.12
603,11,1,17.3,8,93,16,5,91,5,4.14,117162.72
604,4,3,15.6,0,56,4,10,22,2,2.18,24775.2
605,11,1,15.6,6,102,16,20,79,5,1.8,122490.72
606,16,3,15.6,15,89,8,16,47,5,2.2,74538.72
607,10,3,15.6,8,74,6,10,53,5,2.4,30049.92
608,10,0,15.6,13,102,8,16,55,5,2.0,69210.72
609,0,3,14.0,0,112,4,2,42,5,1.6,18594.72
610,10,3,15.6,12,116,32,12,104,5,2.5,261018.72
611,4,1,15.6,8,92,16,10,88,5,2.59,46833.6528
612,4,3,15.6,0,54,4,10,47,2,2.18,23650.992
613,4,3,15.6,0,54,4,10,47,2,2.25,19127.52
614,4,3,15.6,0,78,4,26,53,2,1.93,46300.32
615,2,1,17.3,8,102,8,5,75,5,3.0,62231.04
616,4,3,15.6,8,74,4,4,22,2,2.18,30316.32
617,7,4,15.6,8,97,8,29,53,5,1.84,74005.92
618,11,1,15.6,8,102,16,18,80,5,2.94,120831.5808
619,0,0,11.6,27,40,4,23,41,1,1.25,20193.12
620,7,3,14.0,0,78,8,16,53,5,2.31,59886.72
621,10,3,14.0,8,68,8,16,47,7,1.65,78055.2
622,4,3,15.6,8,83,4,10,7,5,2.2,41345.28
623,5,3,15.6,0,74,8,16,53,5,2.2,42570.72
624,7,3,15.6,0,68,4,26,47,7,1.88,49656.96
625,10,3,15.6,8,97,8,10,66,5,2.2,47898.72
626,12,3,14.0,8,30,2,23,40,5,1.4,12733.92
627,10,3,15.6,8,74,4,4,53,4,2.2,24935.04
628,2,0,13.3,7,74,6,10,53,5,1.5,34046.4528
629,4,3,15.6,8,102,8,16,75,5,2.0,96969.6
630,2,4,14.0,8,97,16,29,53,5,1.1,101232.0
631,4,1,15.6,8,102,16,18,76,5,2.62,78801.12
632,10,3,15.6,8,83,4,16,61,5,1.8,44169.12
633,10,3,15.6,8,56,4,10,67,5,2.2,30849.12
634,2,3,15.6,0,37,8,10,43,5,2.0,21258.72
635,2,3,15.6,8,77,8,10,75,5,1.99,48304.7136
636,4,4,13.3,31,83,8,16,61,5,1.23,99580.32
637,10,3,14.0,0,36,2,23,41,5,1.42,13266.72
638,10,0,13.3,13,97,8,16,53,5,1.37,93635.3376
639,4,3,15.6,5,102,16,12,75,5,2.06,127818.72
640,10,1,15.6,15,102,8,5,77,5,2.5,59087.52
641,7,3,17.0,2,14,8,10,17,5,2.6,27753.552
642,10,4,14.0,15,97,16,29,53,5,1.14,130536.0
643,2,1,15.6,15,102,8,10,76,4,2.5,62284.32
644,0,3,15.6,0,56,4,26,47,5,2.4,23976.0
645,10,3,14.0,0,36,4,23,40,5,1.43,14598.72
646,0,4,14.0,15,74,8,16,39,5,1.8,48964.32
647,14,1,14.0,8,102,16,16,79,5,1.95,138474.72
648,16,3,13.3,8,68,8,16,47,5,1.2,64628.64
649,10,4,12.5,15,97,8,16,53,5,1.36,84395.52
650,2,1,17.3,15,93,32,29,82,5,3.8,149130.72
651,0,1,15.6,8,77,8,10,75,2,2.4,37775.52
652,4,4,13.3,8,83,8,16,61,5,1.2,77250.672
653,11,1,15.6,8,102,8,5,76,5,2.2,63499.10399999999
654,7,3,15.6,0,56,4,26,47,4,1.86,19441.872
655,16,3,15.6,15,74,8,26,53,5,2.0,56689.92
656,4,3,15.6,8,106,8,16,7,5,2.2,48964.32
657,4,3,15.6,8,106,16,20,7,5,2.2,60472.8
658,10,1,15.6,15,92,8,5,87,5,3.31,63722.88
659,4,1,17.3,12,102,32,31,80,5,4.42,167691.8736
660,4,3,14.0,8,71,8,16,47,5,1.56,65481.12
661,10,3,15.6,0,37,4,26,43,5,2.2,22324.32
662,10,3,15.6,8,68,4,26,47,5,2.2,28504.8
663,7,3,15.6,3,56,6,10,24,5,2.04,28717.92
664,11,1,17.3,8,102,8,5,79,5,2.7,79215.1056
665,16,3,15.6,0,57,4,4,47,5,2.1,26533.44
666,4,3,15.6,8,74,8,10,53,5,2.06,50882.4
667,7,3,15.6,8,97,8,10,7,5,2.1,39693.6
668,16,3,15.6,15,74,8,16,53,5,2.0,67026.23999999999
669,0,3,15.6,0,56,4,4,47,2,2.1,21951.36
670,13,4,13.5,37,99,8,16,58,6,1.252,99519.048
671,10,3,15.6,8,74,8,5,24,5,1.9,43580.376
672,10,0,13.3,13,74,8,16,53,5,1.3,55091.52
673,10,3,15.6,0,21,4,4,13,5,2.2,18594.72
674,7,0,14.0,13,59,4,4,72,5,1.63,37242.72
675,11,1,15.6,8,102,16,18,75,5,2.4,68944.31999999999
676,2,4,14.0,8,74,8,16,53,5,1.1,60472.8
677,7,0,11.6,36,37,8,35,43,1,1.4,26373.6
678,9,4,15.6,15,106,8,29,53,5,1.09,122490.72
679,0,1,15.6,8,77,16,16,76,5,2.5,69210.72
680,11,1,15.6,8,77,8,16,75,5,2.2,53168.112
681,2,3,15.6,0,37,4,4,43,5,1.86,22324.32
682,4,1,15.6,8,77,16,5,79,5,3.21,109277.28
683,7,3,17.3,15,56,4,16,19,5,2.5,37242.72
684,10,0,13.3,13,106,8,29,61,5,1.19,79866.72
685,4,1,15.6,8,103,16,18,80,5,3.49,149916.6
686,7,3,15.6,0,74,4,26,6,5,1.86,32639.8608
687,4,3,15.6,0,56,4,10,24,5,2.2,29073.297599999994
688,7,3,17.3,15,0,6,22,29,5,2.65,30316.32
689,10,3,15.6,0,33,4,26,45,5,2.1,16943.04
690,0,3,14.0,0,33,4,23,45,1,1.45,19980.0
691,10,3,14.0,8,74,4,16,53,5,1.7,37242.72
692,7,5,17.3,8,102,8,26,101,5,3.14,101657.7072
693,10,0,14.0,39,97,8,16,53,5,1.42,137995.19999999998
694,16,3,13.3,15,74,8,16,53,5,1.5,51841.44
695,0,2,11.6,0,34,4,23,40,5,1.4,14332.32
696,10,0,14.0,7,97,16,29,53,5,1.38,93186.72
697,2,0,12.5,7,49,4,35,46,1,1.2,35644.32
698,16,4,13.3,7,89,16,29,47,5,1.36,100006.56
699,7,3,15.6,15,97,4,26,7,5,2.1,36709.92
700,4,1,15.6,8,77,8,10,75,5,2.56,43636.32
701,10,3,15.6,8,13,4,16,7,5,2.2,21258.72
702,10,3,15.6,0,5,8,10,25,5,2.2,22857.12
703,10,3,15.6,8,74,4,11,53,5,2.1,33110.856
704,10,3,15.6,0,56,4,26,47,4,1.9,23976.0
705,4,3,15.6,8,74,8,16,53,5,2.18,42357.6
706,0,0,13.3,13,83,8,16,61,5,1.6,53226.72
707,10,5,15.6,8,89,16,29,107,7,2.18,98834.4
708,10,3,14.0,8,70,8,16,47,5,1.8,63456.48
709,7,3,17.3,15,1,6,22,7,5,2.71,34898.932799999995
710,10,1,15.6,15,102,8,5,76,5,2.5,66546.72
711,4,3,14.0,8,79,8,16,69,2,1.64,58021.92
712,4,3,15.6,8,74,8,10,53,2,1.98,38681.28
713,2,3,14.0,8,37,4,23,43,5,1.5,15877.44
714,4,3,15.6,8,78,16,29,53,5,1.93,76012.44480000001
715,10,3,14.0,15,74,8,16,66,5,1.87,45664.6896
716,4,3,15.6,8,78,8,16,53,5,1.9,62817.12
717,10,3,15.6,0,7,4,26,15,5,2.19,15877.44
718,12,3,14.0,16,28,4,24,41,5,1.4,14119.2
719,7,3,17.3,8,97,8,16,69,5,2.63,63936.0
720,10,4,14.0,20,89,8,29,47,5,1.17,89864.1792
721,7,0,13.3,27,74,8,16,53,5,1.58,44574.048
722,10,4,14.0,15,74,8,16,53,5,1.32,79866.72
723,4,1,17.3,6,102,32,13,80,5,4.36,194972.832
724,11,1,17.3,8,102,8,5,76,5,2.7,71847.0144
725,10,3,15.6,0,74,4,10,53,4,1.9,26101.872
726,4,3,15.6,8,83,8,5,7,5,2.2,38308.32
727,4,0,13.3,7,59,4,10,53,5,1.71,34578.72
728,4,3,15.6,0,74,8,10,30,2,2.32,31409.6256
729,7,3,15.6,8,14,4,10,6,5,2.1,26053.92
730,0,1,17.3,15,92,16,5,79,5,4.2,103096.8
731,4,3,15.6,0,74,12,10,53,5,2.25,34578.72
732,7,3,15.6,8,15,6,5,6,5,2.1,34632.0
733,0,3,15.6,0,74,4,26,53,5,2.4,29783.52
734,10,3,13.3,15,74,8,16,53,5,1.44,51148.8
735,10,3,15.6,8,97,4,10,53,5,1.85,41505.12
736,7,5,15.6,8,102,16,16,103,5,2.6,128884.32
737,4,0,13.3,7,83,8,10,61,5,1.55,35111.52
738,11,1,15.6,8,102,16,18,79,5,1.8,111593.8944
739,0,3,15.6,0,56,4,26,47,5,2.4,21887.424
740,4,3,15.6,8,97,8,5,72,5,2.0,64308.96
741,4,3,15.6,0,56,8,16,47,5,2.0,35431.2
742,16,3,14.0,13,74,8,16,53,5,1.25,81784.8
743,10,0,14.0,7,74,8,16,53,5,1.7,53226.72
744,10,5,15.6,12,99,16,12,107,5,2.5,175770.72
745,0,3,14.0,0,36,2,23,41,1,1.68,17582.399999999998
746,15,4,13.3,8,97,16,16,53,5,0.81,87858.72
747,7,3,15.6,8,56,8,16,47,5,1.86,28717.92
748,4,3,14.0,0,74,8,16,53,5,1.6,60031.1088
749,7,5,17.3,15,115,16,16,102,7,3.0,233845.92
750,10,2,11.6,36,36,4,4,41,5,1.4,25308.0
751,7,3,15.6,8,71,8,16,47,5,1.84,101232.0
752,2,3,15.6,0,70,4,10,86,4,2.45,30849.12
753,10,4,14.0,8,68,4,9,47,5,1.7,58394.88
754,2,3,15.6,0,97,4,16,53,5,2.37,45282.672
755,10,0,13.3,19,69,8,16,50,5,1.3,63882.72
756,7,3,15.6,15,77,8,5,75,5,2.2,58554.72
757,7,5,15.6,8,92,8,16,100,7,2.59,83170.08
758,4,1,15.6,12,102,16,18,80,5,4.42,152859.7872
759,0,3,15.6,0,74,4,16,53,5,2.1,31914.72
760,10,1,15.6,15,102,8,5,75,5,2.5,55837.44
761,4,4,12.5,8,99,16,16,53,5,1.18,99047.52
762,6,4,12.3,38,82,8,16,52,1,1.1,83063.52
763,2,4,13.3,21,74,8,16,53,5,1.2,60153.12
764,4,3,13.3,0,56,4,26,47,5,1.65,45234.72
765,0,3,13.3,0,68,4,4,47,5,1.6,34898.4
766,2,3,17.3,0,113,4,10,66,5,2.8,25059.715199999995
767,4,1,15.6,26,92,16,5,89,5,2.72,58554.72
768,15,4,13.3,7,97,8,16,53,5,1.31,85194.72
769,0,3,15.6,0,113,4,10,44,2,2.1,15877.44
770,4,3,15.6,8,97,16,16,30,5,2.3,62938.0656
771,15,0,15.0,7,97,16,16,8,5,1.71,95850.72
772,16,3,14.0,9,68,4,4,47,5,1.75,54345.6
773,4,1,15.6,8,102,8,10,75,5,2.62,58554.72
774,7,4,12.5,0,68,4,16,47,5,1.26,66280.31999999999
775,2,0,15.6,7,97,12,22,72,5,2.3,44701.92
776,10,3,15.6,6,94,16,29,102,7,2.5,126273.6
777,0,3,14.0,15,59,4,4,53,5,1.8,33886.08
778,14,1,14.0,8,102,16,29,79,5,1.95,154458.72
779,2,3,15.6,3,110,8,4,44,5,2.0,31003.632
780,4,1,17.3,15,102,32,13,81,5,4.42,191211.264
781,2,1,17.3,15,92,16,18,80,5,4.3,125208.0
782,16,4,14.0,15,91,16,29,68,5,1.47,93985.92
783,10,3,15.6,0,42,8,10,42,4,2.2,17529.12
784,10,4,14.0,8,97,16,29,53,5,1.7,122490.72
785,11,1,14.0,15,102,16,18,79,5,1.6,100752.48
786,11,1,15.6,8,77,8,5,75,5,2.2,58021.92
787,10,1,15.6,15,102,4,10,75,5,2.4,53226.72
788,0,1,17.3,15,102,16,18,79,5,4.2,122490.72
789,4,1,15.6,8,77,8,16,75,5,2.62,52480.8
790,2,1,15.6,8,102,8,5,95,5,2.24,71341.92
791,17,3,14.0,3,37,4,23,43,5,1.22,10810.512
792,10,0,13.3,13,97,8,29,53,5,1.37,104961.6
793,10,0,15.6,7,74,8,16,31,5,2.08,51095.52
794,1,4,12.0,22,44,8,28,49,3,0.92,62071.2
795,10,0,14.0,30,74,8,16,53,5,1.42,124142.4
796,2,3,14.0,0,37,4,23,43,5,1.63,15930.72
797,4,3,15.6,0,74,8,4,53,5,1.95,43156.8
798,10,0,13.9,13,97,8,16,53,5,1.38,71874.72
799,4,3,15.6,8,56,8,16,23,5,2.0,39373.92
800,7,5,15.6,8,102,8,16,103,5,3.14,110017.872
801,2,3,15.6,8,74,8,16,53,5,2.37,58554.72
802,4,4,13.3,8,74,8,16,53,5,1.29,79866.72
803,4,3,15.6,5,77,8,16,75,5,2.06,93186.72
804,4,2,11.6,0,113,4,4,44,5,1.63,39640.32
805,7,2,12.5,0,78,8,16,53,5,1.26,74005.92
806,16,3,15.6,0,68,4,26,47,5,2.1,41558.4
807,7,3,15.6,0,3,8,22,26,5,2.04,33513.119999999995
808,4,1,15.6,6,102,16,29,76,5,2.62,89457.12
809,10,3,15.6,8,74,4,10,65,5,2.4,32447.52
810,7,1,17.3,15,102,12,10,37,5,3.74,93186.72
811,11,1,17.3,8,102,16,31,80,5,2.9,128671.2
812,15,4,13.3,8,74,8,16,53,5,0.81,79866.72
813,4,3,15.6,8,97,8,10,74,5,1.98,51202.08
814,4,3,15.6,8,74,8,16,22,5,2.18,42081.0768
815,10,4,14.0,8,97,8,16,53,5,1.32,99047.52
816,14,4,12.5,11,96,16,29,53,5,1.29,95850.72
817,7,2,11.6,0,36,4,7,41,1,1.23,20512.8
818,4,1,17.3,15,102,16,5,79,5,4.36,133467.4656
819,4,3,14.0,0,68,4,26,47,5,1.76,40226.4
820,10,3,15.6,0,56,4,26,47,5,2.1,26101.872
821,16,4,14.0,0,74,4,4,53,5,1.25,58075.2
822,10,4,14.0,15,97,8,29,53,5,1.13,133146.72
823,11,1,15.6,8,77,8,16,75,5,2.4,63882.72
824,10,4,14.0,15,74,8,15,53,5,1.13,99900.0
825,16,3,14.0,0,108,4,4,45,5,1.75,26586.72
826,2,0,13.3,34,74,8,16,53,5,1.1,72354.23999999999
827,4,3,14.0,0,56,4,26,47,5,1.76,31168.8
828,0,2,11.6,9,36,4,23,41,1,1.35,18914.4
829,0,3,14.0,15,59,8,4,53,5,1.5,32980.32
830,14,1,17.3,5,103,32,29,82,5,3.49,292986.72
831,10,4,14.0,20,91,16,29,47,5,1.1,111834.72
832,2,3,15.6,8,74,4,10,64,2,2.1,27652.32
833,10,3,14.0,8,68,8,16,47,5,1.7,63190.08
834,10,3,14.0,15,78,8,16,53,5,1.32,87912.0
835,4,1,15.6,8,102,16,18,80,5,3.21,147832.28639999998
836,2,1,17.3,8,102,16,18,80,5,2.9,128884.32
837,16,3,15.6,0,59,4,26,53,5,2.0,35644.32
838,10,3,14.0,0,40,4,7,41,1,1.5,17316.0
839,2,3,15.6,8,74,8,3,53,5,2.3,31435.2
840,2,1,17.3,8,92,16,31,79,5,2.73,95850.72
841,4,1,17.3,15,102,32,31,80,5,4.42,163723.57919999998
842,7,3,17.3,2,74,8,10,69,5,2.63,48484.8
843,4,3,15.6,0,74,8,4,53,5,2.18,38041.3872
844,7,4,14.0,8,89,8,29,47,7,1.54,99633.6
845,4,3,15.6,8,97,4,16,22,5,2.18,39373.92
846,7,0,11.6,36,37,4,23,43,1,1.4,32767.2
847,2,4,13.3,15,68,8,29,71,5,1.45,54665.28
848,7,0,13.3,7,74,8,16,53,5,1.28,121318.56
849,7,4,14.0,8,89,8,29,47,5,1.54,78215.04
850,7,3,15.6,0,36,4,4,41,4,1.86,15930.72
851,2,1,15.6,8,102,16,5,79,5,2.1,101178.72
852,4,3,17.3,8,97,8,10,30,2,2.83,46087.2
853,10,4,14.0,15,102,8,16,74,5,1.96,101391.84
854,2,3,15.6,15,97,8,16,83,5,2.3,41931.36
855,4,3,15.6,8,74,8,4,53,5,1.9,50349.6
856,2,3,15.6,0,113,4,10,44,5,2.0,23922.72
857,7,0,13.3,7,99,8,16,53,5,1.28,136343.52
858,4,3,13.3,7,68,8,10,47,5,1.62,34578.72
859,10,3,15.6,8,54,4,10,47,4,2.2,24988.32
860,10,3,15.6,15,74,8,10,53,5,2.3,45323.1648
861,7,3,15.6,8,78,8,16,32,5,1.84,71874.72
862,16,3,13.3,8,74,4,4,53,5,1.05,68464.8
863,10,1,15.6,15,77,8,10,75,4,2.5,54185.76
864,4,4,13.3,31,100,16,29,58,5,1.29,119347.2
865,7,3,15.6,8,68,4,26,47,5,2.07,48484.8
866,16,4,13.3,0,68,8,16,47,5,1.2,58341.6
867,10,0,13.3,13,97,8,16,53,5,1.37,103896.0
868,0,3,14.0,15,74,8,16,53,5,1.56,48058.56
869,4,5,15.6,8,102,8,10,108,5,2.23,94731.84
870,10,3,15.6,0,74,4,26,53,5,2.38,56210.4
871,10,3,15.6,8,56,4,10,24,4,2.2,25521.12
872,16,3,15.6,15,97,8,16,53,5,2.0,73952.64
873,10,3,13.3,15,59,4,9,53,5,1.44,39160.8
874,15,4,15.0,8,97,16,16,72,5,1.23,98514.72
875,4,4,12.5,8,99,8,16,53,5,1.6,90043.2
876,2,3,15.6,0,113,4,10,44,2,2.0,21258.1872
877,18,4,13.3,15,68,8,16,72,5,1.28,49816.8
878,4,3,15.6,8,74,4,5,72,5,2.18,48618.0
879,7,3,15.6,8,74,4,16,53,5,2.04,44701.92
880,7,0,13.3,7,74,4,16,53,5,1.28,90576.0
881,7,0,15.6,36,74,4,26,53,5,2.3,36486.14399999999
882,2,3,14.1,0,37,4,23,43,5,1.65,18541.44
883,10,3,15.6,15,89,8,10,72,5,2.2,35644.32
884,4,3,15.6,0,112,4,26,40,5,2.2,19660.32
885,7,0,13.3,7,74,4,16,53,5,1.28,95850.72
886,4,3,15.6,0,54,4,10,23,2,2.18,24279.696
887,2,1,17.3,8,77,12,5,75,5,2.2,72988.272
888,0,2,11.6,9,36,4,23,41,1,1.25,15824.16
889,10,3,17.3,2,6,4,26,14,5,2.8,20193.12
890,7,3,14.0,8,74,4,4,53,5,1.95,67399.2
891,7,0,13.3,31,97,16,16,53,5,1.42,74538.72
892,15,4,15.0,8,97,8,16,53,5,1.17,90522.72
893,10,4,14.0,15,74,8,16,53,5,1.32,95850.72
894,11,1,17.3,12,92,16,33,79,5,2.43,141138.72
895,16,3,13.3,8,74,8,16,53,5,1.05,78588.0
896,4,1,15.6,8,102,8,10,78,2,2.62,49497.12
897,7,3,15.6,8,97,8,10,69,5,2.04,47952.0
898,4,3,15.6,0,54,4,10,23,5,2.18,32713.92
899,4,3,15.6,8,78,8,26,53,5,1.9,49816.8
900,4,0,13.3,31,105,8,29,52,5,1.24,107257.968
901,2,1,17.3,15,93,32,19,93,5,3.58,68145.12
902,4,0,13.3,7,105,16,16,52,5,1.22,87858.72
903,10,4,14.0,15,97,8,15,53,5,1.13,109170.72
904,10,3,15.6,15,74,8,29,53,5,1.95,104588.1072
905,9,4,15.6,13,97,16,29,53,5,1.08,111834.72
906,7,2,12.5,8,97,8,29,53,5,1.26,79014.23999999999
907,0,3,15.6,15,32,4,7,40,1,2.2,19127.52
908,10,3,15.6,15,70,8,5,89,5,2.6,42037.92
909,9,4,14.0,13,97,8,29,53,5,0.98,101178.72
910,4,3,14.0,8,79,8,16,53,5,1.6,64202.4
911,7,4,12.5,5,47,8,14,46,5,1.09,165168.0
912,10,3,15.6,8,97,6,16,72,5,2.2,42037.92
913,7,3,15.6,8,97,8,16,69,5,2.04,54291.78719999999
914,0,3,15.6,8,59,4,10,53,5,2.4,26586.72
915,10,3,13.3,8,74,4,4,53,5,1.44,46939.68
916,7,3,13.3,8,74,8,16,53,5,1.49,51148.8
917,11,1,17.3,8,102,16,18,76,5,2.7,85194.72
918,4,1,15.6,8,102,16,5,76,5,2.6,71874.72
919,11,1,15.6,8,77,8,5,75,5,2.2,59668.804800000005
920,4,3,15.6,0,74,4,10,22,5,2.18,36496.2672
921,7,4,15.6,8,89,8,16,28,5,1.84,69103.62719999999
922,7,4,13.3,31,97,8,16,53,5,1.39,61218.72
923,16,3,15.6,15,91,16,16,68,5,2.4,105228.0
924,10,0,13.3,13,74,8,29,53,5,1.37,97236.0
925,4,3,15.6,0,68,4,26,47,5,1.95,38889.072
926,10,4,12.5,15,97,8,16,53,5,1.36,87912.0
927,7,3,15.6,8,68,8,16,47,5,2.31,62071.2
928,4,3,15.6,0,74,4,10,53,5,2.18,37725.4368
929,7,3,14.0,0,68,4,26,47,5,1.95,61218.72
930,10,3,15.6,0,113,4,10,44,5,2.2,16463.52
931,7,4,12.5,8,68,4,26,47,5,1.26,84129.12
932,7,3,15.6,0,36,4,10,41,4,1.86,15392.592
933,10,0,13.3,19,90,16,12,56,5,1.3,95850.72
934,16,3,14.0,15,68,4,4,47,5,1.47,58874.4
935,7,2,12.5,8,68,8,16,47,5,1.26,88924.31999999999
936,4,3,15.6,0,54,4,10,47,5,2.18,29762.208
937,11,1,15.6,8,102,8,5,75,5,2.2,63882.72
938,4,4,14.0,8,74,8,16,53,5,1.36,87325.92
939,4,1,17.3,4,93,16,31,82,5,4.36,146946.24
940,7,1,17.3,15,70,8,5,90,5,2.75,74538.72
941,2,3,17.3,2,112,4,10,66,5,2.8,28238.4
942,0,3,15.6,0,74,4,26,53,5,2.23,32980.32
943,16,3,15.6,0,68,8,16,47,5,2.2,59620.32
944,10,0,11.3,13,53,8,16,46,5,1.1,69210.72
945,10,1,15.6,15,23,16,31,33,5,2.5,53226.72
946,4,4,12.5,7,74,8,16,40,5,1.36,78438.816
947,10,3,15.6,8,97,8,10,66,4,2.2,36496.8
948,4,3,17.3,2,54,4,10,30,5,2.36,35111.52
949,0,3,14.0,0,36,4,23,41,1,1.68,18594.72
950,7,5,15.6,15,94,8,38,100,5,2.0,119826.72
951,4,4,14.0,8,99,8,16,53,5,1.36,94572.0
952,16,3,13.3,8,68,8,16,47,7,1.2,77788.8
953,2,0,12.5,8,50,8,35,46,1,1.2,61751.52
954,10,4,14.0,15,91,8,16,47,5,1.7,79333.3872
955,4,1,17.3,12,102,16,31,80,5,4.36,168045.12
956,4,0,13.3,7,81,8,16,52,5,1.24,101178.72
957,7,0,11.6,36,113,4,16,44,5,1.45,41292.0
958,4,4,13.3,32,89,8,16,47,5,1.3,67559.04
959,0,0,11.6,27,36,4,23,41,1,1.25,20725.92
960,16,3,13.3,8,71,8,16,47,5,1.2,81784.8
961,10,4,12.5,15,78,8,16,53,5,1.36,93772.8
962,0,3,15.6,8,74,12,5,86,5,2.4,53759.52
963,16,4,12.5,7,97,8,29,53,5,1.1,95371.2
964,7,3,15.6,0,73,8,10,69,5,2.04,45101.52
965,4,3,15.6,0,54,4,10,24,2,2.25,24808.2336
966,4,3,15.6,0,74,4,26,53,5,1.9,43956.0
967,7,3,15.6,8,59,4,26,53,5,2.04,36496.8
968,4,1,17.3,15,102,32,18,80,5,4.42,167778.72
969,10,3,15.6,8,74,6,16,66,5,2.4,37029.6
970,4,0,13.3,31,105,16,29,52,5,1.22,101178.72
971,4,4,14.0,39,91,8,16,47,5,1.5,104587.57439999998
972,4,1,17.3,8,92,32,18,80,5,4.42,149184.0
973,16,3,14.0,8,68,8,16,47,5,1.95,62870.4
974,2,1,17.3,8,102,16,18,79,5,2.73,109218.672
975,7,3,15.6,15,75,8,5,69,5,2.04,52161.12
976,10,3,14.0,0,68,4,27,47,7,1.7,53386.56
977,2,0,15.6,5,97,16,33,86,5,2.3,95850.72
978,7,3,15.6,0,97,6,10,53,5,2.04,30849.12
979,2,1,17.3,8,102,16,18,76,5,2.99,93186.72
980,4,0,15.6,13,97,12,29,53,5,2.19,69210.72
981,16,3,13.3,8,68,4,4,47,7,1.2,63669.6
982,10,3,15.6,8,5,6,16,7,5,2.2,29250.72
983,5,3,15.6,0,68,4,16,47,5,2.3,34578.72
984,16,3,14.0,0,68,4,26,47,5,1.75,48751.2
985,4,3,15.6,0,74,4,26,24,5,2.25,31914.72
986,7,3,15.6,8,74,8,10,53,5,2.04,42943.68
987,10,1,15.6,15,102,8,5,79,5,2.5,63349.92
988,4,3,15.6,0,97,8,10,30,5,2.36,39906.72
989,4,3,14.0,8,74,8,4,54,5,1.6,59620.32
990,7,2,12.5,8,47,8,29,46,5,0.97,101658.24
991,7,3,15.6,8,56,4,5,6,5,2.1,26586.72
992,10,3,15.6,0,37,4,4,43,4,1.9,14418.6336
993,10,3,15.6,8,68,8,16,47,5,2.3,71874.72
994,4,0,13.3,7,74,8,16,53,5,1.68,47365.92
995,2,3,13.3,32,74,8,16,53,5,1.4,61272.0
996,7,4,13.3,13,97,8,16,53,5,1.11,71874.72
997,0,3,15.6,0,113,4,26,44,5,2.4,20246.4
998,2,1,15.6,8,102,16,18,76,5,2.5,95850.72
999,7,4,14.0,8,97,8,29,53,5,1.48,111301.92
1000,0,1,15.6,15,102,8,5,75,5,2.7,67132.8
1001,7,3,13.3,15,74,8,16,53,5,1.34,63349.92
1002,4,3,15.6,0,59,4,4,53,5,2.18,29144.16
1003,7,3,14.0,0,74,4,26,53,5,1.64,41505.12
1004,16,3,13.3,8,68,4,4,47,5,1.2,63669.6
1005,7,3,14.0,0,71,4,16,47,5,1.48,58607.46719999999
1006,7,3,14.0,8,74,4,16,53,5,1.95,64202.4
1007,7,4,14.0,8,91,8,16,47,7,1.43,77202.72
1008,7,3,14.0,8,74,8,16,69,5,1.64,55904.5728
1009,7,3,14.0,0,59,4,26,53,5,1.64,36443.52
1010,4,1,15.6,8,77,8,1,75,5,2.65,50562.72
1011,7,4,12.5,8,74,4,26,53,5,1.26,81997.92
1012,7,3,14.0,8,74,4,16,53,5,1.48,84715.2
1013,7,4,14.0,8,89,8,16,47,5,1.54,100550.5488
1014,7,3,13.3,0,59,4,26,53,5,1.49,42624.0
1015,16,3,13.3,0,68,8,16,47,5,1.5,64468.8
1016,7,3,15.6,0,59,4,16,53,5,2.04,41025.0672
1017,10,3,17.3,12,94,16,29,99,7,2.4,158135.04
1018,16,3,14.0,15,68,8,16,47,5,1.47,79387.2
1019,7,3,14.0,8,89,8,16,47,5,1.43,118761.12
1020,4,0,15.6,13,58,4,10,47,5,2.08,42410.3472
1021,16,4,13.3,8,68,8,16,47,5,1.2,84715.2
1022,7,3,13.3,15,74,8,16,53,5,1.11,61218.72
1023,7,3,14.0,8,97,8,16,69,5,1.64,63159.7104
1024,4,3,15.6,8,71,8,26,47,5,2.09,55754.3232
1025,7,4,12.5,0,74,4,16,53,5,1.26,83063.52
1026,7,3,14.0,0,74,4,26,53,5,2.31,63349.92
1027,7,3,14.0,0,74,4,26,53,5,1.95,56476.8
1028,4,4,13.3,31,74,8,16,53,5,1.29,86526.72
1029,7,3,17.3,8,74,8,16,69,5,2.63,57542.4
1030,7,3,14.0,0,74,4,16,53,5,1.64,51841.44
1031,0,3,15.6,0,14,6,10,17,5,2.1,21791.52
1032,11,1,17.3,8,102,8,5,75,5,2.7,63499.10399999999
1033,7,3,14.0,8,68,8,16,47,7,1.95,63669.6
1034,7,3,15.6,8,89,8,16,47,5,1.84,65480.5872
1035,7,4,12.5,8,89,8,16,47,5,1.26,71874.72
1036,7,3,15.6,0,74,4,26,53,5,2.04,39533.76
1037,16,4,14.0,15,91,8,16,47,5,1.47,91908.0
1038,4,3,15.6,8,71,8,16,47,7,2.09,56633.976
1039,7,3,14.0,8,74,8,16,53,5,1.64,53839.9728
1040,10,0,15.6,13,89,4,16,47,5,1.8,45128.16
1041,17,3,14.0,0,27,2,23,41,5,1.45,11231.424
1042,16,3,15.6,15,89,16,16,68,5,2.4,75924.0
1043,10,3,15.6,8,68,8,16,47,5,2.3,55922.688
1044,7,3,14.0,8,68,4,26,47,5,1.54,53280.0
1045,7,3,15.6,8,71,8,21,47,5,1.84,112065.9552
1046,7,3,14.0,8,68,8,16,47,7,1.43,78268.31999999999
1047,11,1,17.3,15,93,16,18,93,5,3.78,82351.6992
1048,10,1,17.3,15,92,16,5,93,5,4.6,122010.66719999998
1049,2,2,11.6,0,36,4,7,41,1,1.2,15339.311999999998
1050,10,3,14.0,10,91,16,16,47,7,1.1,139593.6
1051,7,3,15.6,15,97,8,10,72,5,1.91,52161.12
1052,4,0,15.6,13,76,8,16,53,5,2.3,58288.32
1053,7,3,15.6,0,74,4,16,53,5,2.04,52161.12
1054,4,4,13.3,31,97,16,12,53,5,1.2,120093.12
1055,7,3,15.6,0,58,4,26,47,5,2.31,37570.392
1056,7,3,15.6,0,74,4,26,53,4,1.96,26586.72
1057,0,3,15.6,0,11,8,10,17,5,2.4,23922.72
1058,4,0,13.3,13,97,12,16,53,5,1.6,69210.72
1059,11,1,15.6,8,92,16,18,79,5,2.94,96916.32
1060,7,3,15.6,8,97,8,16,53,5,2.04,57009.6
1061,2,1,17.3,15,92,16,10,90,4,4.0,53173.44
1062,4,3,15.6,8,74,4,10,40,5,2.25,29783.52
1063,4,3,15.6,8,97,16,22,30,5,2.32,52746.6672
1064,11,1,15.6,8,92,16,18,79,5,1.8,102777.12
1065,4,4,13.3,8,97,8,16,53,5,1.29,77682.23999999999
1066,2,1,17.3,15,93,64,12,92,5,3.58,211788.0
1067,4,0,13.3,7,89,8,16,47,5,1.62,42517.9728
1068,4,1,15.6,6,92,16,18,91,5,3.21,70809.12
1069,1,4,12.0,22,43,8,15,46,3,0.92,69264.0
1070,4,3,15.6,0,58,4,26,47,5,2.06,25679.8944
1071,7,3,15.6,0,68,4,26,47,5,2.31,63882.72
1072,7,4,12.5,8,68,8,16,47,7,1.26,63882.72
1073,7,3,13.3,8,97,8,16,53,5,1.49,58075.2
1074,10,4,12.5,13,89,8,16,47,5,1.3,91294.7472
1075,10,3,17.3,2,68,8,0,21,5,3.0,35111.52
1076,10,3,15.6,15,70,4,10,86,5,2.3,52054.56
1077,11,1,17.3,8,102,16,18,80,5,3.78,133146.72
1078,10,3,15.6,0,68,4,26,47,5,2.1,28771.2
1079,7,3,15.6,8,68,4,26,47,7,2.31,50083.2
1080,10,4,12.5,30,47,8,29,46,5,0.99,74538.72
1081,10,1,17.3,15,93,32,30,93,5,4.6,172627.19999999998
1082,10,0,10.1,28,31,4,35,41,5,0.69,34433.2656
1083,7,4,13.3,12,97,16,29,53,5,1.3,109170.72
1084,4,3,15.6,8,74,8,16,53,5,2.18,39960.0
1085,7,3,14.0,8,68,4,26,47,7,1.54,54931.14719999999
1086,7,5,15.6,8,89,8,16,0,7,1.9,79653.59999999999
1087,10,3,14.0,8,68,8,9,47,7,1.7,63882.72
1088,7,3,13.3,32,109,4,23,46,1,1.29,32767.2
1089,0,3,15.6,0,11,4,26,17,5,2.4,20619.36
1090,4,3,15.6,0,111,4,26,40,2,2.2,20965.1472
1091,7,3,15.6,0,56,4,10,47,4,1.86,18434.3472
1092,2,1,17.3,15,102,8,18,79,5,2.7,85194.72
1093,4,4,13.3,15,83,4,16,7,5,1.4,43601.688
1094,7,2,12.5,0,68,4,4,47,7,2.4,85194.72
1095,0,3,15.6,8,74,8,18,86,5,2.4,42570.72
1096,4,3,15.6,8,74,8,10,30,5,2.36,34035.264
1097,11,1,17.3,8,92,8,16,90,5,2.6,85194.72
1098,7,3,15.6,0,112,4,10,42,5,1.96,26640.0
1099,2,1,17.3,15,92,16,5,93,5,4.3,122490.72
1100,4,4,12.5,0,58,4,26,47,7,1.5,60480.792
1101,4,4,12.5,0,58,4,4,47,7,1.5,62176.1616
1102,0,3,15.6,0,32,4,8,40,1,2.2,11135.52
1103,7,5,17.3,15,92,8,10,3,7,3.0,154458.72
1104,10,1,15.6,8,102,16,29,76,5,2.4,63882.72
1105,4,4,12.5,0,68,8,16,47,7,1.5,75289.968
1106,11,1,17.3,8,92,8,5,89,5,2.9,80516.20319999999
1107,10,0,15.6,13,68,4,16,47,5,2.1,46193.76
1108,7,3,15.6,8,8,4,10,15,5,2.1,21205.44
1109,2,1,15.6,15,92,16,5,89,5,2.59,71341.92
1110,7,3,13.3,31,46,8,16,46,5,1.16,90522.72
1111,4,3,15.6,0,68,4,26,20,7,2.24,40980.312
1112,10,3,15.6,0,54,4,4,47,5,2.1,22857.12
1113,7,4,13.3,8,89,8,29,47,5,1.16,104908.32
1114,10,0,10.1,28,31,4,35,41,0,0.69,29250.72
1115,4,4,13.3,8,98,8,16,58,5,1.23,73473.12
1116,10,1,17.3,15,93,16,17,93,5,4.6,146519.46719999998
1117,14,4,12.5,33,89,8,16,47,5,1.25,54825.12
1118,16,4,13.3,8,97,16,29,53,5,1.05,118601.28
1119,2,1,17.3,8,92,8,5,89,5,3.52,69929.4672
1120,17,3,13.3,8,27,4,23,41,5,1.35,10442.88
1121,7,3,13.3,8,68,8,16,47,5,1.16,90043.2
1122,7,3,14.0,8,68,8,16,47,7,1.43,80612.64
1123,4,3,15.6,0,68,4,26,47,2,2.09,27899.0064
1124,2,3,15.6,0,59,4,10,53,5,2.0,23176.8
1125,10,0,14.0,13,89,8,16,47,5,1.8,88924.31999999999
1126,10,0,10.1,28,31,4,35,41,5,0.69,25521.12
1127,7,4,12.5,0,71,8,16,47,7,1.26,100965.6
1128,10,1,15.6,15,77,8,5,79,4,2.4,52693.92
1129,7,1,17.3,15,70,8,5,79,5,3.35,60153.12
1130,7,3,15.6,0,97,8,22,53,5,2.04,33513.119999999995
1131,10,0,14.0,13,91,8,29,106,7,1.8,109244.2464
1132,2,3,14.0,0,37,4,23,43,5,1.5,14811.84
1133,7,4,15.6,8,97,8,16,53,5,1.84,40066.56
1134,0,3,15.6,8,74,4,10,72,5,2.23,32820.48
1135,10,3,15.6,8,89,16,1,27,5,2.5,58554.72
1136,7,5,17.3,15,92,8,16,105,7,3.0,210424.032
1137,4,3,15.6,0,74,8,10,30,5,2.5,41771.52
1138,11,1,17.3,8,94,16,18,93,5,3.78,127818.72
1139,7,4,15.6,8,89,8,16,47,7,1.88,115709.2416
1140,10,0,14.0,30,91,16,29,47,5,2.8,130003.2
1141,11,1,15.6,8,102,8,5,75,5,2.4,60888.384
1142,7,0,13.3,7,71,8,16,47,5,1.48,86793.12
1143,7,5,15.6,15,92,8,16,100,7,2.59,118761.12
1144,7,0,13.3,39,91,8,16,47,5,1.48,95850.72
1145,7,5,15.6,8,92,8,16,100,7,2.0,101178.72
1146,7,4,12.5,8,88,8,16,47,7,1.26,122381.49599999998
1147,4,3,15.6,8,97,8,16,72,5,2.18,53807.472
1148,7,3,15.6,8,68,8,16,47,7,1.88,84129.12
1149,10,0,14.0,30,89,8,16,47,5,1.27,124621.92
1150,10,3,15.6,0,54,4,10,47,4,1.9,18061.92
1151,7,3,15.6,0,17,4,26,13,5,1.86,15824.16
1152,10,3,15.6,8,68,8,10,21,4,2.32,31914.72
1153,4,1,15.6,8,102,8,10,78,5,2.62,63882.72
1154,4,3,15.6,26,70,8,16,73,5,2.04,119916.2304
1155,7,3,15.6,8,10,4,16,6,5,1.91,25515.2592
1156,11,1,17.3,8,102,16,18,76,5,2.7,79536.38399999999
1157,10,4,14.0,8,91,12,29,47,7,1.4,122490.72
1158,10,3,15.6,8,68,8,1,21,5,2.5,42010.7472
1159,7,0,13.3,39,91,8,29,47,5,1.48,108744.48
1160,10,4,14.0,8,91,8,16,47,7,1.7,79866.72
1161,11,1,14.0,8,92,16,18,91,5,1.7,94252.32
1162,7,1,15.6,15,102,8,10,75,5,2.62,47898.72
1163,10,3,15.6,0,54,8,10,47,5,2.2,24455.52
1164,7,3,15.6,0,68,4,26,47,4,2.1,25414.0272
1165,4,1,15.6,6,102,8,5,76,5,2.62,79813.44
1166,10,3,15.6,15,74,8,16,53,5,1.95,74059.2
1167,10,3,15.6,8,56,4,10,67,5,2.2,24935.04
1168,7,3,14.0,0,36,2,23,41,5,1.44,13266.72
1169,11,1,15.6,15,97,8,10,75,5,2.2,44701.92
1170,7,3,15.6,8,89,8,16,47,5,1.96,36177.12
1171,7,3,15.6,8,106,16,29,61,5,2.1,61751.52
1172,2,3,15.6,0,34,4,26,40,5,2.2,19660.32
1173,10,3,15.6,0,68,4,26,47,4,2.1,21205.44
1174,10,3,15.6,8,97,8,10,72,4,2.2,37775.52
1175,2,3,14.0,8,59,4,16,53,5,2.0,40972.32
1176,10,3,15.6,8,89,4,1,47,7,2.32,43956.0
1177,10,1,15.6,15,92,16,29,87,5,3.31,69530.4
1178,11,1,15.6,8,92,16,5,91,5,1.91,114731.5536
1179,7,3,15.6,0,58,4,26,47,5,2.07,34632.0
1180,10,0,14.0,30,68,8,16,47,5,1.36,87219.36
1181,10,4,15.6,8,97,6,16,65,5,1.54,44275.68
1182,4,3,15.6,8,97,8,16,74,2,1.98,47686.1328
1183,0,3,15.6,0,39,4,26,43,5,2.1,17742.239999999998
1184,7,3,15.6,15,92,6,10,89,5,2.18,42570.72
1185,2,1,15.6,15,92,8,18,89,5,2.591,48431.52
1186,4,0,15.6,7,97,16,29,53,5,2.09,62817.12
1187,0,3,15.6,8,74,4,16,72,5,2.23,36816.48
1188,4,4,13.3,31,71,8,16,47,2,1.23,58554.72
1189,0,1,17.3,15,102,16,18,80,5,4.2,138474.72
1190,10,1,15.6,15,77,8,10,75,5,2.4,43636.32
1191,15,0,12.3,29,117,4,23,38,1,1.15,35111.52
1192,7,3,15.6,0,74,4,26,53,5,1.86,25840.8
1193,1,4,12.0,22,43,8,15,49,3,0.92,61964.64
1194,4,0,13.3,13,74,8,16,53,5,1.6,63882.72
1195,7,3,15.6,15,102,12,5,75,5,2.21,70702.56
1196,10,3,15.6,0,56,4,10,24,4,1.9,19607.04
1197,2,1,17.3,15,92,16,31,93,5,4.3,114552.0
1198,0,3,15.6,0,39,4,10,43,2,2.1,14492.16
1199,11,1,17.3,8,102,16,18,79,5,2.43,109165.392
1200,4,3,15.6,0,54,4,4,29,5,2.3,26586.72
1201,10,3,15.6,0,89,8,26,66,4,2.2,33513.119999999995
1202,4,0,15.6,7,106,16,29,61,5,2.0,68464.8
1203,4,4,13.3,31,97,16,29,53,5,1.2,142790.4
1204,2,1,15.6,8,92,8,10,79,5,2.2,62284.32
1205,4,3,15.6,8,74,8,16,30,5,2.36,47365.92
1206,7,3,15.6,0,74,8,16,53,5,1.91,30849.12
1207,10,3,15.6,0,18,4,26,13,5,2.2,15930.72
1208,0,3,17.3,2,54,8,10,72,5,3.3,33513.119999999995
1209,2,1,15.6,8,102,16,18,80,5,2.2,130482.72
1210,1,4,12.0,22,44,8,28,46,3,0.92,68145.12
1211,2,3,15.6,8,102,16,5,79,5,2.2,93186.72
1212,11,1,17.3,15,92,16,18,79,5,2.43,103842.1872
1213,4,0,15.6,13,74,8,16,53,5,2.191,53226.72
1214,2,1,17.3,8,102,16,18,79,5,2.9,103842.72
1215,0,2,11.6,0,32,2,25,40,1,1.3,9270.72
1216,0,3,17.3,2,56,4,10,72,5,3.3,31861.44
1217,10,3,17.3,2,74,8,10,53,4,2.8,28717.92
1218,10,1,15.6,15,92,8,5,88,5,2.6,67772.16
1219,0,0,14.0,13,105,8,16,52,5,1.2,61218.72
1220,10,3,15.6,15,91,8,16,47,5,2.3,81465.12
1221,11,1,15.6,8,92,8,5,79,5,2.2,78647.1408
1222,7,3,15.6,8,4,6,10,7,5,2.1,28185.12
1223,4,4,12.5,7,71,8,16,47,7,1.26,91288.3536
1224,4,0,15.0,7,59,4,26,53,5,2.08,27119.52
1225,2,3,15.6,0,112,4,10,42,5,2.65,16463.52
1226,4,4,13.3,31,97,8,16,53,5,1.29,78694.56
1227,4,3,15.6,0,74,4,10,47,2,2.18,27804.7008
1228,10,1,15.6,13,92,16,5,89,5,2.6,54825.12
1229,11,1,15.6,8,102,8,5,75,5,2.2,61218.72
1230,10,2,12.5,13,88,16,29,47,5,1.3,87912.0
1231,14,1,14.0,8,102,16,12,79,5,1.95,186426.72
1232,4,3,15.6,36,59,8,10,53,5,2.3,24988.8528
1233,11,1,17.3,8,102,16,18,79,5,2.7,85141.44
1234,1,4,11.6,0,62,4,15,51,3,1.08,51095.52
1235,7,3,15.6,8,56,4,10,47,5,2.1,25467.84
1236,7,4,14.0,4,89,8,16,47,7,1.54,117119.5632
1237,4,3,15.6,0,68,4,26,47,7,2.24,39267.36
1238,11,1,15.6,8,92,8,5,89,5,2.3,62284.32
1239,10,3,13.3,15,97,16,29,53,5,1.4,79866.72
1240,10,3,15.6,8,5,6,16,7,5,2.2,31838.5296
1241,2,4,13.3,8,89,8,16,47,5,1.45,68198.4
1242,0,3,15.6,0,54,4,26,47,2,2.4,19276.704
1243,4,0,17.3,7,97,16,29,72,5,2.77,95850.72
1244,7,3,14.0,8,68,4,16,47,7,1.54,58607.46719999999
1245,2,1,15.6,15,102,16,18,76,5,2.5,85248.0
1246,4,3,14.0,0,74,4,26,53,5,1.6,46620.0
1247,2,1,15.6,15,92,16,18,80,5,2.34,123876.0
1248,10,3,15.6,15,74,8,16,53,4,2.3,30529.44
1249,4,0,13.3,31,81,8,16,52,5,1.24,96596.64
1250,4,3,15.6,0,112,4,26,40,2,2.2,17262.72
1251,7,3,15.6,0,8,4,26,16,5,1.86,21258.72
1252,10,3,15.6,8,58,6,4,66,5,2.4,30316.32
1253,10,3,14.0,15,68,8,16,47,5,1.9,57116.16
1254,4,3,15.6,0,111,4,26,40,5,2.2,23655.7872
1255,2,3,15.6,0,37,4,10,43,5,2.0,18061.92
1256,2,1,17.3,15,92,16,5,91,5,4.0,101232.0
1257,4,3,15.6,0,56,4,26,47,5,2.29,26107.2
1258,10,3,15.6,8,89,8,1,21,7,2.32,47685.6
1259,11,1,15.6,8,92,8,5,89,5,2.4,65481.12
1260,10,0,14.0,7,68,4,4,47,5,1.8,44382.7728
1261,2,4,13.3,15,45,8,29,46,5,1.2,38841.12
1262,4,3,15.6,0,59,6,10,53,5,2.3,24455.52
1263,0,3,15.6,0,36,4,26,41,2,2.4,15397.92
1264,4,3,15.6,0,34,2,26,40,5,2.2,20193.12
1265,10,3,15.6,15,92,8,10,89,5,2.6,47898.72
1266,7,3,15.6,8,12,6,1,29,5,2.04,29303.4672
1267,4,3,15.6,0,97,8,10,24,2,2.3,42943.1472
1268,7,2,11.6,0,36,2,23,41,5,1.17,11135.52
1269,2,3,15.6,0,89,4,26,65,5,2.2,38378.6496
1270,10,0,14.0,13,89,4,4,47,5,1.8,33992.64
1271,10,0,13.3,19,89,16,29,47,5,1.3,79866.72
1272,10,3,14.0,0,34,2,35,40,5,1.5,12201.12
1273,7,3,15.6,0,89,6,10,21,5,2.19,40705.92
1274,2,3,15.6,0,34,4,26,40,5,2.2,19660.32
1275,2,4,13.3,15,45,8,29,46,5,1.2,38841.12
1276,4,3,15.6,0,59,6,10,53,5,2.3,24455.52
1277,0,3,15.6,0,36,4,26,41,2,2.4,15397.92
1278,4,3,15.6,0,34,2,26,40,5,2.2,20193.12
1279,10,3,15.6,15,92,8,10,89,5,2.6,47898.72
1280,7,3,15.6,8,12,6,1,29,5,2.04,29303.4672
1281,4,3,15.6,0,97,8,10,24,2,2.3,42943.1472
1282,7,2,11.6,0,36,2,23,41,5,1.17,11135.52
1283,2,3,15.6,0,89,4,26,65,5,2.2,38378.6496
1284,10,0,14.0,13,89,4,4,47,5,1.8,33992.64
1285,10,0,13.3,19,89,16,29,47,5,1.3,79866.72
1286,10,3,14.0,0,34,2,35,40,5,1.5,12201.12
1287,7,3,15.6,0,89,6,10,21,5,2.19,40705.92
1288,2,3,15.6,0,34,4,26,40,5,2.2,19660.32
1289,2,4,13.3,15,45,8,29,46,5,1.2,38841.12
1290,4,3,15.6,0,59,6,10,53,5,2.3,24455.52
1291,0,3,15.6,0,36,4,26,41,2,2.4,15397.92
1292,4,3,15.6,0,34,2,26,40,5,2.2,20193.12
1293,10,3,15.6,15,92,8,10,89,5,2.6,47898.72
1294,7,3,15.6,8,12,6,1,29,5,2.04,29303.4672
1295,4,3,15.6,0,97,8,10,24,2,2.3,42943.1472
1296,7,2,11.6,0,36,2,23,41,5,1.17,11135.52
1297,2,3,15.6,0,89,4,26,65,5,2.2,38378.6496
1298,10,0,14.0,13,89,4,4,47,5,1.8,33992.64
1299,10,0,13.3,19,89,16,29,47,5,1.3,79866.72
1300,10,3,14.0,0,34,2,35,40,5,1.5,12201.12
1301,7,3,15.6,0,89,6,10,21,5,2.19,40705.92
1302,2,3,15.6,0,34,4,26,40,5,2.2,19660.32
